<?xml version="1.0" encoding="UTF-8"?>
<!DOCTYPE mapper PUBLIC "-//mybatis.org//DTD Mapper 3.0//EN"
"http://mybatis.org/dtd/mybatis-3-mapper.dtd">

<mapper namespace="com.oracle.oBootBoard03.BoardMapper">

	<insert id="boardWrite" parameterType="BoardDto">
        <!-- 
            PK인 board_no 값을 시퀀스에서 가져와 DTO의 board_no 필드에 먼저 세팅.
            keyProperty: 시퀀스 값을 저장할 DTO 필드 이름
            order: INSERT 전에 시퀀스를 가져올지 (BEFORE) INSERT 후에 가져올지 (AFTER)
                   Oracle/PostgreSQL 시퀀스는 주로 BEFORE (NEXTVAL 호출 후 INSERT)
            resultType: 시퀀스 값의 타입
        -->
        <selectKey keyProperty="board_no" resultType="int" order="BEFORE">
            SELECT BOARD_SEQ.NEXTVAL FROM DUAL <!-- Oracle -->
            <!-- MySQL 또는 auto-increment 사용 시: SELECT LAST_INSERT_ID() -->
        </selectKey>

        <!-- ref 필드에 PK와 같은 값을 넣어줘야 하므로, 
             <selectKey>로 세팅된 #{board_no} 값을 그대로 ref에도 사용합니다. -->
        insert into board 
        (
              board_no
            , title
            , content
            , emp_no
            , read_count
            , ref
            , re_lvl
            , re_step
            , in_date
        )
        values 
        ( 
              #{board_no}        <!-- <selectKey>로 생성된 PK 값 -->
            , #{title}
            , #{content}
            , #{emp_no}
            , #{read_count}
            , #{board_no}        <!-- ref도 PK와 동일하게 세팅! -->
            , #{re_lvl}
            , #{re_step}
            , sysdate
        )
    </insert>

	<select id="boardTotal" resultType="int">
		SELECT Count(*) FROM board
	</select>

	<select id="tkBoardListAll" parameterType="BoardDto" 
	                            resultType="BoardDto">
		SELECT *
		FROM
		(
		        SELECT rownum rn , a.*
		        FROM
		                   (
		                     select b.*, e.emp_name
		                     from  board  b , emp e
		                     where b.emp_no = e.emp_no(+)
		                     order by ref desc, re_step asc
		                    ) a
		 )    
 		WHERE  rn BETWEEN #{start} and #{end} 
	</select>	

	<select id="tkBoardSelOne"  parameterType="int" resultType="BoardDto" >
        SELECT * 
        FROM  board b , emp e
        WHERE board_no = #{board_no}   
        AND   b.emp_no = e.emp_no(+)
    </select>  
    
    <update id="tkBoardUpdate" parameterType="BoardDto">
		 UPDATE board SET title=#{title}
		                , content=#{content}
		                , emp_no=#{emp_no}
		 WHERE  board_no=#{board_no}
   </update>   
    
    <update id="tkReadCountUpdate" parameterType="int">
		UPDATE board SET read_count = read_count + 1
		WHERE board_no = #{board_no}
	</update>
    
    <delete id="deleteBoard" parameterType="int">
	    delete from board where board_no=#{board_no}
   </delete>    
   
   <update id="tkReplyShapeUpdate" parameterType="BoardDto">
   		<![CDATA[
		 UPDATE board SET re_step = re_step+1
		 WHERE  ref=#{ref}
		 AND    re_step>#{re_step} 
		]]>
   </update>
 
 
  <insert id="boardReplyWrite" parameterType="BoardDto" >

		<!-- 
            PK인 board_no 값을 시퀀스에서 가져와 DTO의 board_no 필드에 먼저 세팅.
            keyProperty: 시퀀스 값을 저장할 DTO 필드 이름
            order: INSERT 전에 시퀀스를 가져올지 (BEFORE) INSERT 후에 가져올지 (AFTER)
                   Oracle/PostgreSQL 시퀀스는 주로 BEFORE (NEXTVAL 호출 후 INSERT)
            resultType: 시퀀스 값의 타입
        -->
        <selectKey keyProperty="board_no" resultType="int" order="BEFORE">
            SELECT BOARD_SEQ.NEXTVAL FROM DUAL <!-- Oracle -->
			<!-- MySQL 또는 auto-increment 사용 시: SELECT LAST_INSERT_ID() -->
        </selectKey>

		<!-- ref 필드에 PK와 같은 값을 넣어줘야 하므로, 
             <selectKey>로 세팅된 #{board_no} 값을 그대로 ref에도 사용합니다. -->
        insert into board 
        (
              board_no
            , title
            , content
            , emp_no
            , read_count
            , ref
            , re_lvl
            , re_step
            , in_date
        )
        values 
        ( 
              #{board_no}        <!-- <selectKey>로 생성된 PK 값 -->
            , #{title}
            , #{content}
            , #{emp_no}
            , #{read_count}
            , #{ref}             <!-- ref도 원래값과 동일하게 세팅! -->
            , #{re_lvl}
            , #{re_step}
            , sysdate
        )
        
  </insert>  
</mapper>